202409062347179589581,1725631200,CLAYTON AQUATIC & HEA CLAYTON VICAU,,CLAYTON AQUATIC & HEA CLAYTON VICAU,-32.3,3.23,H131693512290,GYM
202409062037085160851,1725631200,Lebara Recharge North Sydney AU AUS Card xx7189 Value Date: 05/09/2024,,Lebara Recharge North Sydney AU AUS Card xx7189 Value Date: 05/09/2024,-24.9,35.53,H237907267178,LEBARA
202409060039409900491,1725544800,COLES 0536 CLAYTON AU,,COLES 0536 CLAYTON AU,-21.0,60.43,H131688743604,COLES
202409060039241882911,1725544800,Transfer from xx0274 CommBank app,,Transfer from xx0274 CommBank app,50.0,81.43,N290643898834,D
202409051244176647851,1725458400,Transfer to xx4211 CommBank app,,Transfer to xx4211 CommBank app,-120.0,31.43,N290541692051,INVEST
202409051244015911661,1725458400,Transfer from xx0274 CommBank app Invest,,Transfer from xx0274 CommBank app Invest,120.0,151.43,N290541681266,D
202409051212402546981,1725458400,Transfer To MS ALANA RAE CARTER PayID Phone from CommBank App Bill,,Transfer To MS ALANA RAE CARTER PayID Phone from CommBank App Bill,-245.0,31.43,N290541635407,other
202409051211543246041,1725458400,Transfer from xx0274 CommBank app,,Transfer from xx0274 CommBank app,250.0,276.43,N290541636321,D
202409050545554338441,1725458400,MYKI CLAYTON RS CLA CLAYTON VICAU,,MYKI CLAYTON RS CLA CLAYTON VICAU,-50.0,26.43,H131685906542,MYKI
202409050545475172281,1725458400,Transfer from xx0274 CommBank app,,Transfer from xx0274 CommBank app,50.0,76.43,N290549514401,D
202409050507130194521,1725458400,Transfer from xx4211 CommBank app,,Transfer from xx4211 CommBank app,10.0,26.43,N290548903837,other
202409050506533578071,1725458400,Transfer to xx4211 CommBank app,,Transfer to xx4211 CommBank app,-10.0,16.43,N290548912108,INVEST
202409041041304253581,1725372000,ABCD DREAMZ PTY LTD CLAYTON AU,,ABCD DREAMZ PTY LTD CLAYTON AU,-10.89,26.43,H131682735739,other
202409041032207488051,1725372000,COLES 0536 CLAYTON AU,,COLES 0536 CLAYTON AU,-9.4,37.32,H131682712989,COLES
202409031156498839181,1725285600,UBER* TRIP,,UBER* TRIP,-12.69,46.72,H131678538757,UBER
202409022000513662851,1725285600,Return AMZNPRIMEAU MEMBERSHIP SYDNEY SOUTH NS AUS Card xx7189 Value Date: 29/08/2024,,Return AMZNPRIMEAU MEMBERSHIP SYDNEY SOUTH NS AUS Card xx7189 Value Date: 29/08/2024,9.99,59.41,H237859899123,other
202409022000513485581,1725285600,RMIT UNIVERSITY MELBOURNE AUS Card xx7189 Value Date: 01/09/2024,,RMIT UNIVERSITY MELBOURNE AUS Card xx7189 Value Date: 01/09/2024,-175.32,49.42,H237859899122,other
202409020449164298491,1725199200,STRIKE AUSTRALIA PTY GLEN WAVERLE AU,,STRIKE AUSTRALIA PTY GLEN WAVERLE AU,-8.25,224.74,H131672996728,STRIKE
202409010448472476271,1725112800,COLES 0536 CLAYTON AU,,COLES 0536 CLAYTON AU,-2.5,232.99,H131669184810,COLES
202409010252205848911,1725112800,COLES 0581 CLAYTON AU,,COLES 0581 CLAYTON AU,-6.7,235.49,H131668482087,COLES
202409010225348445741,1725112800,COSTCO WHOLESALE AUSTR MOORABBIN AIRAU,,COSTCO WHOLESALE AUSTR MOORABBIN AIRAU,-67.25,242.19,H131668306871,COSTCO
202409010222041667221,1725112800,Transfer from xx0274 CommBank app,,Transfer from xx0274 CommBank app,100.0,309.44,N290145883768,D
202408312357256205161,1725112800,Transfer from xx0274 CommBank app,,Transfer from xx0274 CommBank app,200.0,209.44,N290145192845,D
202408312019493034501,1725112800,Debit Excess Interest,,Debit Excess Interest,-0.03,9.44,ZA99638816263,other
202408302016191490521,1725026400,AMZNPRIMEAU MEMBERSHIP SYDNEY SOUTH NS AUS Card xx7189 Value Date: 29/08/2024,,AMZNPRIMEAU MEMBERSHIP SYDNEY SOUTH NS AUS Card xx7189 Value Date: 29/08/2024,-9.99,9.47,H237849592860,other
202408300815151261861,1724940000,Overdraw Fee For exceeding available funds on 29 Aug,,Overdraw Fee For exceeding available funds on 29 Aug,-15.0,19.46,ZA98229914106,COMM
202408300121198658041,1724940000,Transfer from xx0274 CommBank app,,Transfer from xx0274 CommBank app,50.0,34.46,N283046099327,D
202408291120041433391,1724853600,COLES 0581 CLAYTON AU,,COLES 0581 CLAYTON AU,-22.11,-15.54,H131656272244,COLES
202408291059018818841,1724853600,MYKI SPRINGVLE RS SPG SPRINGVALE VICAU,,MYKI SPRINGVLE RS SPG SPRINGVALE VICAU,-30.0,6.57,H131656223474,MYKI
202408290436583051101,1724853600,COLES 0536 CLAYTON AU,,COLES 0536 CLAYTON AU,-7.5,36.57,H131654235795,COLES
202408280827252244951,1724767200,COLES 0536 CLAYTON AU,,COLES 0536 CLAYTON AU,-12.5,44.07,H131650913202,COLES
202408280244112563921,1724767200,The Clayton Hotel Clayton AU,,The Clayton Hotel Clayton AU,-32.7,56.57,H131648980434,other
202408280243266286741,1724767200,Transfer from xx0274 CommBank app,,Transfer from xx0274 CommBank app,50.0,89.27,N282843348482,D
202408271910592212231,1724767200,MORE TELECOM STH MELBOURNE AU AUS Card xx7189 Value Date: 26/08/2024,,MORE TELECOM STH MELBOURNE AU AUS Card xx7189 Value Date: 26/08/2024,-32.4,39.27,H237823081329,other
202408271910592040341,1724767200,UBER *ONE Sydney AU AUS Card xx7189 Value Date: 26/08/2024,,UBER *ONE Sydney AU AUS Card xx7189 Value Date: 26/08/2024,-9.99,71.67,H237823081328,UBER
202408271112567065001,1724680800,COLES 0581 CLAYTON AU,,COLES 0581 CLAYTON AU,-18.8,81.66,H131647044056,COLES
202408262257496026871,1724680800,Transfer To Derick CommBank App Rent,,Transfer To Derick CommBank App Rent,-491.0,100.46,N282746796168,RENT
202408262257220208681,1724680800,Transfer from xx0274 CommBank app,,Transfer from xx0274 CommBank app,491.0,591.46,N282746282901,D
202408251039235451231,1724508000,UBER* TRIP,,UBER* TRIP,-9.45,100.46,H131639072022,UBER
202408250511484781021,1724508000,SQ *KONG THE BARBER Clayton AU,,SQ *KONG THE BARBER Clayton AU,-40.0,109.91,H131637871061,BARBER
28,1725408000,a,b,ABCD DREAMZ PTY LTD CLAYTON AU,-10.89,26.43,a,other
29,1725408000,a,b,COLES 0536 CLAYTON AU,-9.4,37.32,a,COLES
30,1725321600,a,b,UBER* TRIP,-12.69,46.72,a,UBER
31,1725321600,a,b,Return AMZNPRIMEAU MEMBERSHIP SYDNEY SOUTH NS AUS Card xx7189 Value Date: 29/08/2024,9.99,59.41,a,other
32,1725321600,a,b,RMIT UNIVERSITY MELBOURNE AUS Card xx7189 Value Date: 01/09/2024,-175.32,49.42,a,other
33,1725235200,a,b,STRIKE AUSTRALIA PTY GLEN WAVERLE AU,-8.25,224.74,a,STRIKE
34,1725148800,a,b,COLES 0536 CLAYTON AU,-2.5,232.99,a,COLES
35,1725148800,a,b,COLES 0581 CLAYTON AU,-6.7,235.49,a,COLES
36,1725148800,a,b,COSTCO WHOLESALE AUSTR MOORABBIN AIRAU,-67.25,242.19,a,COSTCO
37,1725148800,a,b,Transfer from xx0274 CommBank app,100.0,309.44,a,D
38,1725148800,a,b,Transfer from xx0274 CommBank app,200.0,209.44,a,D
39,1725148800,a,b,Debit Excess Interest,-0.03,9.44,a,other
40,1725062400,a,b,AMZNPRIMEAU MEMBERSHIP SYDNEY SOUTH NS AUS Card xx7189 Value Date: 29/08/2024,-9.99,9.47,a,other
41,1724976000,a,b,Overdraw Fee For exceeding available funds on 29 Aug,-15.0,19.46,a,COMM
42,1724976000,a,b,Transfer from xx0274 CommBank app,50.0,34.46,a,D
43,1724889600,a,b,COLES 0581 CLAYTON AU,-22.11,-15.54,a,COLES
44,1724889600,a,b,MYKI SPRINGVLE RS SPG SPRINGVALE VICAU,-30.0,6.57,a,MYKI
45,1724889600,a,b,COLES 0536 CLAYTON AU,-7.5,36.57,a,COLES
46,1724803200,a,b,COLES 0536 CLAYTON AU,-12.5,44.07,a,COLES
47,1724803200,a,b,The Clayton Hotel Clayton AU,-32.7,56.57,a,other
48,1724803200,a,b,Transfer from xx0274 CommBank app,50.0,89.27,a,D
49,1724803200,a,b,MORE TELECOM STH MELBOURNE AU AUS Card xx7189 Value Date: 26/08/2024,-32.4,39.27,a,other
50,1724803200,a,b,UBER *ONE Sydney AU AUS Card xx7189 Value Date: 26/08/2024,-9.99,71.67,a,UBER
51,1724716800,a,b,COLES 0581 CLAYTON AU,-18.8,81.66,a,COLES
52,1724716800,a,b,Transfer To Derick CommBank App Rent,-491.0,100.46,a,RENT
53,1724716800,a,b,Transfer from xx0274 CommBank app,491.0,591.46,a,D
54,1724544000,a,b,UBER* TRIP,-9.45,100.46,a,UBER
55,1724544000,a,b,SQ *KONG THE BARBER Clayton AU,-40.0,109.91,a,BARBER
56,1724544000,a,b,Fast Transfer From MATHEWS TOMY to PayID Phone settled,100.0,149.91,a,other
57,1724544000,a,b,LITTLE INDIA MART Clayton SouthAU,-56.36,49.91,a,other
58,1724544000,a,b,Transfer from xx0274 CommBank app,50.0,106.27,a,D
59,1724544000,a,b,COSTCO WHOLESALE AUSTR MOORABBIN AIRAU,-80.23,56.27,a,COSTCO
60,1724544000,a,b,Transfer from xx0274 CommBank app,100.0,136.5,a,D
61,1724544000,a,b,UBER* TRIP,-11.08,36.5,a,UBER
62,1724457600,a,b,COLES 0536 CLAYTON AU,-28.0,47.58,a,COLES
63,1724457600,a,b,CLAYTON AQUATIC & HEA CLAYTON VICAU,-32.3,75.58,a,GYM
64,1724457600,a,b,Transfer from xx0274 CommBank app Allowance,100.0,107.88,a,D
65,1724457600,a,b,CocaColaEPP Springvale AUS Card xx7189 Value Date: 21/08/2024,-4.2,7.88,a,other
66,1724457600,a,b,DOT MYKI RELOAD MELBOURNE AUS Card xx7189 Value Date: 21/08/2024,-50.0,12.08,a,MYKI
67,1724371200,a,b,COLES 0602 MELBOURNE AU,-2.5,62.08,a,COLES
68,1724284800,a,b,COLES 0581 CLAYTON AU,-43.27,64.58,a,COLES
69,1724284800,a,b,Transfer from xx0274 CommBank app,50.0,107.85,a,D
70,1724198400,a,b,Transfer from xx0274 CommBank app,50.0,57.85,a,D
71,1724198400,a,b,KFC BENDIGO BENDIGO AUS Card xx7189 Value Date: 18/08/2024,-22.4,7.85,a,other
72,1724112000,a,b,CocaColaEPP Springvale AUS Card xx7189 Value Date: 15/08/2024,-3.8,30.25,a,other
73,1724025600,a,b,COLES 0581 CLAYTON AU,-37.04,34.05,a,COLES
74,1724025600,a,b,Transfer from xx0274 CommBank app,50.0,71.09,a,D
75,1723852800,a,b,SQ *HANDLE BAR Bendigo AU,-30.0,21.09,a,other
76,1723852800,a,b,1ST CHOICE 7057 BENDIGO AU,-43.0,51.09,a,other
77,1723852800,a,b,COLES 7838 BENDIGO AU,-15.4,94.09,a,COLES
78,1723852800,a,b,COLES 0581 CLAYTON AU,-18.0,109.49,a,COLES
79,1723766400,a,b,RMIT UNIVERSITY MELBOURNE AUS Card xx7189 Value Date: 14/08/2024,-8832.0,127.49,a,other
80,1723680000,a,b,COLES 0581 CLAYTON AU,-13.4,8959.49,a,COLES
81,1723593600,a,b,Transfer from xx0274 CommBank app,8900.0,8972.89,a,D
82,1723593600,a,b,JB HI FI CHADSTONE CHADSTONE AU,-77.99,72.89,a,other
83,1723593600,a,b,KMART 1147 CHADSTONE AU,-29.0,150.88,a,other
84,1723593600,a,b,Transfer from xx0274 CommBank app,100.0,179.88,a,D
85,1723593600,a,b,Uniqlo Australia Pty Ltd Chadstone AU,-139.95,79.88,a,other
86,1723593600,a,b,Transfer from xx0274 CommBank app,100.0,219.83,a,D
87,1723593600,a,b,MYKI CLAYTON RS CLA CLAYTON VICAU,-50.0,119.83,a,MYKI
88,1723593600,a,b,Transfer to xx0274 CommBank app Invest,-3000.0,169.83,a,other
89,1723593600,a,b,DEPOSIT CASH $3150.00 CHEQUE $0.00 Branch CLAYTON,3150.0,3169.83,a,other
90,1723507200,a,b,DOT MYKI RELOAD MELBOURNE AUS Card xx7189 Value Date: 08/08/2024,-40.0,19.83,a,MYKI
91,1723420800,a,b,Transfer To Derick CommBank App Bill,-150.0,59.83,a,other
92,1723420800,a,b,Transfer from xx0274 CommBank app,150.0,209.83,a,D
93,1723420800,a,b,CLAYTON AQUATIC & HEA CLAYTON VICAU,-32.3,59.83,a,GYM
94,1723420800,a,b,Transfer from xx0274 CommBank app,40.0,92.13,a,D
95,1723420800,a,b,COLES 0581 CLAYTON AU,-31.01,52.13,a,COLES
96,1723248000,a,b,Overdraw Fee For exceeding available funds on 09 Aug,-15.0,83.14,a,COMM
97,1723248000,a,b,COLES 0581 CLAYTON AU,-24.29,98.14,a,COLES
98,1723248000,a,b,Transfer from xx0274 CommBank app,100.0,122.43,a,D
99,1723248000,a,b,UBER *TRIP Sydney AU AUS Card xx7189 Value Date: 08/08/2024,-17.7,22.43,a,UBER
100,1723161600,a,b,COLES 0581 CLAYTON AU,-18.35,40.13,a,COLES
101,1723075200,a,b,The Trustee for GULCA SPRINGVALE AU,-14.0,58.48,a,other
102,1723075200,a,b,Transfer from xx0274 CommBank app,70.0,72.48,a,D
103,1722988800,a,b,MYKI MELBCTRL RS MCE MELBOURNE VICAU,-10.0,2.48,a,MYKI
104,1722988800,a,b,SQ *THE BOWEN ST CAFE Melbourne AU,-13.9,12.48,a,other
105,1722988800,a,b,Transfer from xx0274 CommBank app,20.0,26.38,a,D
106,1722816000,a,b,COLES 0581 CLAYTON AU,-4.0,6.38,a,COLES
107,1722816000,a,b,SQ *KIOSK KAFE Springvale AU,-3.5,10.38,a,other
108,1722729600,a,b,COLES 0536 CLAYTON AU,-21.4,13.88,a,COLES
109,1722729600,a,b,Transfer from xx0274 CommBank app,50.0,35.28,a,D
110,1722643200,a,b,MYKI CLAYTON RS CLA CLAYTON VICAU,-30.0,-14.72,a,MYKI
111,1722643200,a,b,UBER *EATS Sydney AU AUS Card xx7189 Value Date: 01/08/2024,-20.24,15.28,a,UBER
112,1722643200,a,b,RMIT UNIVERSITY MELBOURNE AUS Card xx7189 Value Date: 01/08/2024,-8832.0,35.52,a,other
113,1722556800,a,b,ABCD DREAMZ PTY LTD CLAYTON AU,-16.89,8867.52,a,other
114,1722556800,a,b,Transfer to xx0274 CommBank app,-1000.0,8884.41,a,other
115,1722556800,a,b,Fast Transfer From BIJOI JOSE BIJOI,1000.0,9884.41,a,other
116,1722556800,a,b,Transfer to xx0274 CommBank app,-2000.0,8884.41,a,other
117,1722556800,a,b,Fast Transfer From THOMAS MATHEW jais kiran joji,2000.0,10884.41,a,other
118,1722470400,a,b,Transfer from xx0274 CommBank app,8832.0,8884.41,a,D
119,1722470400,a,b,Debit Excess Interest,-0.01,52.41,a,other
120,1722384000,a,b,AMZNPRIMEAU MEMBERSHIP SYDNEY SOUTH NS AUS Card xx7189 Value Date: 29/07/2024,-9.99,52.42,a,other
121,1722297600,a,b,COLES 0602 MELBOURNE AU,-4.2,62.41,a,COLES
122,1722297600,a,b,MORE TELECOM STH MELBOURNE AU AUS Card xx7189 Value Date: 26/07/2024,-32.4,66.61,a,other
123,1722297600,a,b,UBER *ONE Sydney AU AUS Card xx7189 Value Date: 27/07/2024,-9.99,99.01,a,UBER
124,1722211200,a,b,Transfer To Derick CommBank App Rent,-491.0,109.0,a,RENT
125,1722211200,a,b,Transfer from xx0274 CommBank app,491.0,600.0,a,D
126,1722211200,a,b,ZILLA KEBAB DANDENONG VICAU,-19.32,109.0,a,other
127,1722211200,a,b,Refund Purchase UBER* TRIP,1.0,128.32,a,UBER
128,1722211200,a,b,UBER* TRIP,-17.35,127.32,a,UBER
129,1722211200,a,b,Transfer from xx0274 CommBank app,100.0,144.67,a,D
130,1722038400,a,b,IPY*CLAYTONAQCHEALTH Clayton South VI AUS Card xx7189 Value Date: 25/07/2024,-32.3,44.67,a,other
131,1721952000,a,b,COLES 0581 CLAYTON AU,-45.28,76.97,a,COLES
132,1721952000,a,b,Transfer from xx0274 CommBank app,50.0,122.25,a,D
133,1721779200,a,b,Refund Purchase UBER* TRIP,1.03,72.25,a,UBER
134,1721779200,a,b,UBER* TRIP,-18.66,71.22,a,UBER
135,1721779200,a,b,STRIKE AUSTRALIA PTY GLEN WAVERLE AU,-10.0,89.88,a,STRIKE
136,1721779200,a,b,Transfer from xx0274 CommBank app,100.0,99.88,a,D
137,1721692800,a,b,COLES 0536 CLAYTON AU,-4.5,-0.12,a,COLES
138,1721606400,a,b,COLES 0581 CLAYTON AU,-19.56,4.38,a,COLES
139,1721606400,a,b,Transfer from xx0274 CommBank app,30.0,23.94,a,D
140,1721520000,a,b,UBER* TRIP,-19.51,-6.06,a,UBER
141,1721433600,a,b,MYKI CLAYTON RS CLA CLAYTON VICAU,-50.0,13.45,a,MYKI
142,1721433600,a,b,Transfer from xx0274 CommBank app,50.0,63.45,a,D
143,1721433600,a,b,COLES 0536 CLAYTON AU,-20.76,13.45,a,COLES
144,1721433600,a,b,"Transfer To elise CommBank App Kiran , Zoe bday",-10.0,34.21,a,other
145,1721260800,a,b,COLES 0581 CLAYTON AU,-21.94,44.21,a,COLES
146,1721260800,a,b,Alinta Energy CommBank app BPAY 168930 10292002886 Bill,-319.42,66.15,a,other
147,1721260800,a,b,Transfer from xx0274 CommBank app,320.0,385.57,a,D
148,1721260800,a,b,PIATELLA CAFE BAR GLEN WAVERLEY VI AUS Card xx7189 Value Date: 15/07/2024,-15.0,65.57,a,other
149,1721260800,a,b,CLAYTON AQUATIC & HEA CLAYTON AUS Card xx7189 Value Date: 15/07/2024,-32.3,80.57,a,GYM
150,1721174400,a,b,QUEEN STREET BOOKS BENDIGO VICAU,-64.92,112.87,a,other
151,1721174400,a,b,Transfer from xx0274 CommBank app,150.0,177.79,a,D
152,1721174400,a,b,COLES 0536 CLAYTON AU,-2.85,27.79,a,COLES
153,1721174400,a,b,COLES 0536 CLAYTON AU,-13.58,30.64,a,COLES
154,1721174400,a,b,CocaColaEPP Richmond AUS Card xx7189 Value Date: 13/07/2024,-3.8,44.22,a,other
155,1721088000,a,b,BP MOORABBIN 4444 MOORABBIN AU,-9.7,48.02,a,other
156,1721088000,a,b,Refund Purchase UBER* TRIP,18.66,57.72,a,UBER
157,1721088000,a,b,UBER* TRIP,-18.66,39.06,a,UBER
158,1720828800,a,b,WW METRO 3089 DOCKLANDS VIC AU,-6.5,57.72,a,other
159,1720828800,a,b,WYG668 PTY LTD GLEN WAVERLEYVICAU,-18.07,64.22,a,other
160,1720828800,a,b,MYKI CLAYTON RS CLA CLAYTON VICAU,-50.0,82.29,a,MYKI
161,1720828800,a,b,Transfer from xx0274 CommBank app,100.0,132.29,a,D
162,1720742400,a,b,COLES 0536 CLAYTON AU,-14.54,32.29,a,COLES
163,1720742400,a,b,Transfer from xx0274 CommBank app Bill,50.0,46.83,a,D
164,1720742400,a,b,SULBING PREMIUM CAFE MELBOURNE VI AUS Card xx7189 Value Date: 10/07/2024,-25.27,-3.17,a,other
165,1720742400,a,b,CocaColaEPP Dandenong AUS Card xx7189 Value Date: 09/07/2024,-3.6,22.1,a,other
166,1720656000,a,b,COLES 0581 CLAYTON AU,-20.0,25.7,a,COLES
167,1720656000,a,b,International Transaction Fee Value Date: 09/07/2024,-1.04,45.7,a,other
168,1720656000,a,b,WWW.SKILLCERTPRO.COM ABU DHABI AZ ARE Card xx7189 USD 19.99 Value Date: 09/07/2024,-29.7,46.74,a,other
169,1720569600,a,b,Non CBA ATM Withdrawal Fee,-2.5,76.44,a,other
170,1720569600,a,b,Wdl ATM ETX HAMA FILM 2 MELBOURNE AU,-20.0,78.94,a,other
171,1720569600,a,b,B. LUCKY AND SONS MELBOURNE AU,-10.0,98.94,a,other
172,1720569600,a,b,B. LUCKY AND SONS MELBOURNE AU,-50.0,108.94,a,other
173,1720569600,a,b,SAMUT Melbourne AU,-42.13,158.94,a,other
174,1720569600,a,b,Transfer from xx0274 CommBank app,150.0,201.07,a,D
175,1720569600,a,b,COLES 0536 CLAYTON AU,-9.21,51.07,a,COLES
176,1720569600,a,b,AMZNPRIMEAU MEMBERSHIP SYDNEY SOUTH NS AUS Card xx7189 Value Date: 08/07/2024,-9.99,60.28,a,other
177,1720483200,a,b,Transfer from xx0274 CommBank app,50.0,70.27,a,D
178,1720483200,a,b,International Transaction Fee Value Date: 04/07/2024,-9.58,20.27,a,other
179,1720483200,a,b,WL *VUE*TESTING EXAM BLOOMINGTON MN USA Card xx7189 USD 181.50 Value Date: 03/07/2024,-273.67,29.85,a,other
180,1720310400,a,b,COLES 0581 CLAYTON AU,-42.34,303.52,a,COLES
181,1720310400,a,b,Transfer To H SOUNDARARAJAN PayID Phone from CommBank App Food,-22.0,345.86,a,other
182,1720310400,a,b,Transfer from xx0274 CommBank app,100.0,367.86,a,D
183,1720310400,a,b,UBER* TRIP,-14.42,267.86,a,UBER
184,1720137600,a,b,COLES 0581 CLAYTON AU,-21.11,282.28,a,COLES
185,1720137600,a,b,DOT MYKI RELOAD MELBOURNE AUS Card xx7189 Value Date: 02/07/2024,-50.0,303.39,a,MYKI
186,1720051200,a,b,COLES 0581 CLAYTON AU,-3.99,353.39,a,COLES
187,1720051200,a,b,COLES 0581 CLAYTON AU,-16.05,357.38,a,COLES
188,1719964800,a,b,Transfer from xx0274 CommBank app,100.0,373.43,a,D
189,1719964800,a,b,Transfer from xx0274 CommBank app,100.0,273.43,a,D
190,1719878400,a,b,COLES 0581 CLAYTON AU,-17.16,173.43,a,COLES
191,1719878400,a,b,Fast Transfer From MATHEWS TOMY to PayID Phone treat,211.0,190.59,a,other
192,1719878400,a,b,UBER* TRIP,-14.36,-20.41,a,UBER
193,1719878400,a,b,COLES 0581COLES 0581 CLAYTON AU AUS Card xx7189 Value Date: 29/06/2024,-43.16,-6.05,a,COLES
194,1719878400,a,b,International Transaction Fee Value Date: 28/06/2024,-0.23,37.11,a,other
195,1719878400,a,b,SG HAWKER - TERMINAL 1 SINGAPORE 06 SGP Card xx7189 SGD 6.00 Value Date: 28/06/2024,-6.65,37.34,a,other
196,1719792000,a,b,COLES 0581 CLAYTON AU,-8.33,43.99,a,COLES
197,1719792000,a,b,Debit Excess Interest,-0.02,52.32,a,other
198,1719619200,a,b,AAA CLAYTON VIC AU,-55.0,52.34,a,other
199,1719619200,a,b,Transfer from xx0274 CommBank app,50.0,107.34,a,D
200,1719619200,a,b,IPY*CLAYTONAQCHEALTH Clayton South VI AUS Card xx7189 Value Date: 27/06/2024,-31.1,57.34,a,other
201,1719532800,a,b,7-ELEVEN 1243 ARDEER AU,-25.0,88.44,a,other
202,1719532800,a,b,Hudsons Elizabeth St 86 Elizabeth AU,-14.14,113.44,a,other
203,1719532800,a,b,Transfer To Derick CommBank App Rent,-491.0,127.58,a,RENT
204,1719532800,a,b,Transfer from xx0274 CommBank app,491.0,618.58,a,D
205,1719532800,a,b,MORE TELECOM STH MELBOURNE AU AUS Card xx7189 Value Date: 26/06/2024,-32.4,127.58,a,other
206,1719273600,a,b,Fast Transfer From - RAICHEL JOSE to PayID Phone Splitwise,81.12,159.98,a,other
207,1718928000,a,b,International Transaction Fee Value Date: 18/06/2024,-0.35,78.86,a,other
208,1718928000,a,b,SG HAWKER - TERMINAL 1 SINGAPORE 06 SGP Card xx7189 SGD 8.80 Value Date: 18/06/2024,-9.88,79.21,a,other
209,1718928000,a,b,International Transaction Fee Value Date: 18/06/2024,-0.37,89.09,a,other
210,1718928000,a,b,SG HAWKER - TERMINAL 1 SINGAPORE 06 SGP Card xx7189 SGD 9.50 Value Date: 18/06/2024,-10.66,89.46,a,other
211,1718928000,a,b,International Transaction Fee Value Date: 18/06/2024,-0.37,100.12,a,other
212,1718928000,a,b,SOON TOFU T2 Singapore SGP Card xx7189 SGD 9.50 Value Date: 18/06/2024,-10.66,100.49,a,other
213,1718841600,a,b,International Transaction Fee Value Date: 17/06/2024,-0.24,111.15,a,other
214,1718841600,a,b,SCOOT CAFE_SATS APS SINGAPORE SG SGP Card xx7189 SGD 6.00 Value Date: 17/06/2024,-6.73,111.39,a,other
215,1718841600,a,b,International Transaction Fee Value Date: 18/06/2024,-0.35,118.12,a,other
216,1718841600,a,b,TS/SG HAWKER CAG T SINGAPORE SGP Card xx7189 SGD 9.00 Value Date: 18/06/2024,-10.1,118.47,a,other
217,1718755200,a,b,CocaColaEPP Springvale AUS Card xx7189 Value Date: 14/06/2024,-3.8,128.57,a,other
218,1718668800,a,b,NANDOS CHADSTONE SHOP Chadstone AU AUS Card xx7189 Value Date: 16/06/2024,-40.95,132.37,a,other
219,1718582400,a,b,BEST AND LESS BENDIGO AU,-22.0,173.32,a,other
220,1718582400,a,b,LOVISA PTY LTD BENDIGO AU,-30.98,195.32,a,other
221,1718582400,a,b,STEARNS SHOWCASE JEWELLERBENDIGO AU,-191.0,226.3,a,other
222,1718582400,a,b,Transfer from xx0274 CommBank app,300.0,417.3,a,D
223,1718582400,a,b,COLES 7838 BENDIGO AU,-43.19,117.3,a,COLES
224,1718496000,a,b,SIMSHAZ PTY LTD BENDIGO VIC AU Card xx7189,-80.44,160.49,a,other
225,1718496000,a,b,Transfer from xx0274 CommBank app,200.0,240.93,a,D
226,1718496000,a,b,COLES 0581 CLAYTON AU,-6.5,40.93,a,COLES
227,1718409600,a,b,COLES 0536 CLAYTON AU,-29.55,47.43,a,COLES
228,1718409600,a,b,CLAYTON AQUATIC & HEA CLAYTON VICAU,-31.1,76.98,a,GYM
229,1718409600,a,b,Transfer from xx0274 CommBank app,100.0,108.08,a,D
230,1718236800,a,b,Transfer To A TO Z GLASS SERVICE PayID Phone from CommBank App Bill,-180.0,8.08,a,other
231,1718236800,a,b,Transfer from xx0274 CommBank app Bill,180.0,188.08,a,D
232,1718150400,a,b,Overdraw Fee For exceeding available funds on 11 Jun,-15.0,8.08,a,COMM
233,1718150400,a,b,COLES 0536 CLAYTON AU,-33.48,23.08,a,COLES
234,1718150400,a,b,Transfer from xx0274 CommBank app,100.0,56.56,a,D
235,1718064000,a,b,UBER* TRIP,-18.71,-43.44,a,UBER
236,1718064000,a,b,KFC GLEN WAVRLY CNTRL GLEN WAVERLEYVICAU,-17.9,-24.73,a,other
237,1718064000,a,b,DOT MYKI RELOAD MELBOURNE AUS Card xx7189 Value Date: 06/06/2024,-50.0,-6.83,a,MYKI
238,1717977600,a,b,COLES 0581 CLAYTON AU,-28.53,43.17,a,COLES
239,1717977600,a,b,UBER* TRIP,-18.13,71.7,a,UBER
240,1717891200,a,b,UBER* TRIP,-20.42,89.83,a,UBER
241,1717804800,a,b,COLES 0536 CLAYTON AU,-36.48,110.25,a,COLES
242,1717804800,a,b,Transfer from xx0274 CommBank app,100.0,146.73,a,D
243,1717545600,a,b,COLES 0581 CLAYTON AU,-33.25,46.73,a,COLES
244,1717545600,a,b,COLES 0536 CLAYTON AU,-32.07,79.98,a,COLES
245,1717545600,a,b,Alinta Energy CommBank app BPAY 168930 10292002927 Bill,-352.65,112.05,a,other
246,1717545600,a,b,Transfer from xx0274 CommBank app Bill,400.0,464.7,a,D
247,1717545600,a,b,CocaColaEPP Springvale AUS Card xx7189 Value Date: 03/06/2024,-3.6,64.7,a,other
248,1717459200,a,b,COLES 0581 CLAYTON AU,-43.17,68.3,a,COLES
249,1717459200,a,b,Transfer from xx0274 CommBank app,100.0,111.47,a,D
250,1717286400,a,b,COLES 0536 CLAYTON AU,-16.22,11.47,a,COLES
251,1717200000,a,b,Debit Excess Interest,-0.03,27.69,a,other
252,1717200000,a,b,IPY*CLAYTONAQCHEALTH Clayton South VI AUS Card xx7189 Value Date: 30/05/2024,-53.0,27.72,a,other
253,1717200000,a,b,FLYSCOOT.0000000UDGTKA SYDNEY AU AUS Card xx7189 Value Date: 29/05/2024,-928.05,80.72,a,other
254,1717200000,a,b,AMAZON AU MARKETPLACE SYDNEY AUS Card xx7189 Value Date: 30/05/2024,-13.97,1008.77,a,other
255,1717027200,a,b,MYKI CLAYTON RS CLA CLAYTON VICAU,-50.0,1022.74,a,MYKI
256,1716940800,a,b,Transfer from xx0274 CommBank app,1000.0,1072.74,a,D
257,1716940800,a,b,COLES 0581 CLAYTON AU,-39.93,72.74,a,COLES
258,1716854400,a,b,Transfer To Derick CommBank App Rent,-491.0,112.67,a,RENT
259,1716854400,a,b,SOUTH EAST WATER CommBank app BPAY 24208 100384051800004 Bill,-318.78,603.67,a,other
260,1716854400,a,b,Transfer from xx0274 CommBank app,800.0,922.45,a,D
261,1716854400,a,b,Transfer from xx0274 CommBank app Allowance,100.0,122.45,a,D
262,1716854400,a,b,MORE TELECOM SOUTH MELBOUR AU AUS Card xx7189 Value Date: 26/05/2024,-32.4,22.45,a,other
263,1716768000,a,b,SQ *GLENNY - GLEN WAVE Glen Waverley AU,-20.29,54.85,a,other
264,1716681600,a,b,UBER* TRIP,-13.19,75.14,a,UBER
265,1716422400,a,b,KFC EAGLEHAWK EAGLEHAWK VICAU,-17.0,88.33,a,other
266,1716422400,a,b,Transfer from xx0274 CommBank app,100.0,105.33,a,D
267,1716422400,a,b,Alium Dining Bendigo AU,-38.0,5.33,a,other
268,1716422400,a,b,SQ *LALUME MELBOURNE C Miami AU,-69.0,43.33,a,other
269,1716422400,a,b,Transfer from xx0274 CommBank app,100.0,112.33,a,D
270,1716336000,a,b,COLES 0536 CLAYTON AU,-43.1,12.33,a,COLES
271,1716336000,a,b,DOOBOO THE GLEN GLEN WAVERLEY VI AUS Card xx7189 Value Date: 20/05/2024,-9.15,55.43,a,other
272,1716336000,a,b,DOOBOO THE GLEN GLEN WAVERLEY VI AUS Card xx7189 Value Date: 20/05/2024,-112.89,64.58,a,other
273,1716249600,a,b,IPY*CLAYTONAQCHEALTH Clayton South VI AUS Card xx7189 Value Date: 17/05/2024,-74.9,177.47,a,other
274,1716163200,a,b,Transfer from xx0274 CommBank app Food,100.0,252.37,a,D
275,1716163200,a,b,STRIKE AUSTRALIA PTY GLEN WAVERLE AU,-16.5,152.37,a,STRIKE
276,1716163200,a,b,SQ *LULU WHITE Glen Waverley AU,-12.2,168.87,a,other
277,1716163200,a,b,Transfer from xx0274 CommBank app,100.0,181.07,a,D
278,1716076800,a,b,UBER* TRIP,-20.08,81.07,a,UBER
279,1715990400,a,b,CocaColaEPP Melbourne AUS Card xx7189 Value Date: 15/05/2024,-3.8,101.15,a,other
280,1715904000,a,b,MYKI FINDERSST RS FSS MELBOURNE VICAU,-50.0,104.95,a,MYKI
281,1715904000,a,b,Transfer To ESHWARA RAO PUTTOJI RAO PayID Phone from CommBank App Food,-24.0,154.95,a,other
282,1715817600,a,b,CIRQUE DU SOLEIL - FLEMINGTON AU,-20.0,178.95,a,other
283,1715817600,a,b,CIRQUE DU SOLEIL - FLEMINGTON AU,-25.0,198.95,a,other
284,1715817600,a,b,Transfer from xx0274 CommBank app Allowance,200.0,223.95,a,D
285,1715817600,a,b,CLAYTON CELLARS CLAYTON VICAU,-40.98,23.95,a,other
286,1715731200,a,b,Baguette Flinders St Melbourne AU,-7.5,64.93,a,other
287,1715731200,a,b,COLES 0581 CLAYTON AU,-43.05,72.43,a,COLES
288,1715644800,a,b,Fast Transfer From - RAICHEL JOSE to PayID Phone Splitwise,87.8,115.48,a,other
289,1715644800,a,b,COLES 0581 CLAYTON AU AUS Card xx7189 Value Date: 12/05/2024,-54.1,27.68,a,COLES
290,1715644800,a,b,UBER* TRIP,-10.65,81.78,a,UBER
291,1715558400,a,b,Overdraw Fee For exceeding available funds on 12 May,-15.0,92.43,a,COMM
292,1715558400,a,b,Transfer from xx0274 CommBank app,100.0,107.43,a,D
293,1715472000,a,b,COLES 0536 CLAYTON AU,-28.77,7.43,a,COLES
294,1715299200,a,b,COLES 0581 CLAYTON AU AUS Card xx7189 Value Date: 08/05/2024,-25.97,36.2,a,COLES
295,1715126400,a,b,MYKI CLAYTON RS CLA CLAYTON VICAU,-50.0,62.17,a,MYKI
296,1715126400,a,b,Transfer from xx0274 CommBank app,100.0,112.17,a,D
297,1715126400,a,b,COLES 0536 CLAYTON AU,-16.75,12.17,a,COLES
298,1715126400,a,b,UBER* TRIP,-16.4,28.92,a,UBER
299,1715040000,a,b,COLES 0536 CLAYTON AU,-26.4,45.32,a,COLES
300,1715040000,a,b,CLAYTON AQUATIC & HEA CLAYTON VICAU,-43.8,71.72,a,GYM
301,1715040000,a,b,CLAYTON AQUATIC & HEA CLAYTON VICAU,-31.1,115.52,a,GYM
302,1715040000,a,b,Transfer To - JACK JACOB JOSE PayID Phone from CommBank App Trip,-48.0,146.62,a,other
303,1715040000,a,b,Hungry Jacks Pakenham AU AUS Card xx7189 Value Date: 05/05/2024,-11.95,194.62,a,other
304,1714867200,a,b,Transfer from xx0274 CommBank app,100.0,206.57,a,D
305,1714867200,a,b,Transfer from xx0274 CommBank app,100.0,106.57,a,D
306,1714780800,a,b,UBER* TRIP,-21.65,6.57,a,UBER
307,1714780800,a,b,COLES 0581 CLAYTON AU,-1.85,28.22,a,COLES
308,1714780800,a,b,AMAZON WEB SERVICES SYDNEY NS AUS Card xx7189 Value Date: 03/05/2024,-4.89,30.07,a,other
309,1714608000,a,b,COLES 0536 CLAYTON AU,-17.5,34.96,a,COLES
310,1714608000,a,b,Overdraw Fee For exceeding available funds on 01 May,-15.0,52.46,a,COMM
311,1714608000,a,b,Transfer from xx0274 CommBank app Allowance,100.0,67.46,a,D
312,1714521600,a,b,COLES 0536 CLAYTON AU,-53.35,-32.54,a,COLES
313,1714521600,a,b,CocaColaEPP Dandenong AUS Card xx7189 Value Date: 27/04/2024,-4.2,20.81,a,other
314,1714435200,a,b,Direct Credit 617703 PAYPAL AUSTRALIA 1034079661497,0.05,25.01,a,other
315,1714435200,a,b,Direct Credit 617703 PAYPAL AUSTRALIA 1034079661523,0.19,24.96,a,other
316,1714435200,a,b,MORE TELECOM SOUTH MELBOUR AU AUS Card xx7189 Value Date: 26/04/2024,-32.4,24.77,a,other
317,1714435200,a,b,DOT MYKI RELOAD MELBOURNE AUS Card xx7189 Value Date: 25/04/2024,-50.0,57.17,a,MYKI
318,1714176000,a,b,COLES 0536 CLAYTON AU,-15.01,107.17,a,COLES
319,1714089600,a,b,Transfer To Derick CommBank App Rent,-360.75,122.18,a,RENT
320,1714089600,a,b,Transfer from xx0274 CommBank app Rent,400.0,482.93,a,RENT
321,1714003200,a,b,COLES 0581 CLAYTON AU,-42.77,82.93,a,COLES
322,1714003200,a,b,Transfer from xx0274 CommBank app Bill,60.0,125.7,a,D
323,1714003200,a,b,Transfer from xx0274 CommBank app,50.0,65.7,a,D
324,1713916800,a,b,FOODAO Melbourne AU,-6.9,15.7,a,other
325,1713830400,a,b,CLAYTON AQUATIC & HEA CLAYTON VICAU,-43.8,22.6,a,GYM
326,1713830400,a,b,CLAYTON AQUATIC & HEA CLAYTON VICAU,-31.1,66.4,a,GYM
327,1713830400,a,b,CLAYTON AQUATIC & HEA CLAYTON VICAU,-1.0,97.5,a,GYM
328,1713830400,a,b,COLES 0581 CLAYTON AU,-6.0,98.5,a,COLES
329,1713830400,a,b,Fever*Dining in the Da BXG AUS Card xx7189 Value Date: 19/04/2024,-240.0,104.5,a,other
330,1713657600,a,b,COLES 0581 CLAYTON AU,-18.67,344.5,a,COLES
331,1713657600,a,b,COLES 0536 CLAYTON AU,-15.5,363.17,a,COLES
332,1713571200,a,b,Fast Transfer From MR AKSHAY SHANKAR ELA to PayID Phone electricity,38.38,378.67,a,other
333,1713571200,a,b,COLES 0581 CLAYTON AU,-26.02,340.29,a,COLES
334,1713571200,a,b,Transfer from xx0274 CommBank app,100.0,366.31,a,D
335,1713484800,a,b,Transfer from xx0274 CommBank app Invest,120.0,266.31,a,D
336,1713484800,a,b,Fast Transfer From MS ALANA RAE CARTER to PayID Phone blindfold dinner,120.0,146.31,a,other
337,1713484800,a,b,Alinta Energy CommBank app BPAY 168930 10292002886 Bill,-230.27,26.31,a,other
338,1713484800,a,b,Transfer from xx0274 CommBank app Bill,230.0,256.58,a,D
339,1713398400,a,b,GOOGLE*COLAB CC GOOGLE.COM SG SGP Card xx7189 AUD 15.13 Value Date: 16/04/2024,-15.13,26.58,a,other
340,1713312000,a,b,Fast Transfer From VIGNESWARRAN RAMESH to PayID Phone Food,14.5,41.71,a,other
341,1713312000,a,b,SQ *MR HOPPERS MELBOUR Carlton AU,-14.5,27.21,a,other
342,1713312000,a,b,SQ *MR HOPPERS MELBOUR Carlton AU,-14.5,41.71,a,other
343,1713312000,a,b,Transfer from xx0274 CommBank app,20.0,56.21,a,D
344,1713312000,a,b,Transfer from xx0274 CommBank app,20.0,36.21,a,D
345,1713312000,a,b,DOT MYKI RELOAD MELBOURNE AUS Card xx7189 Value Date: 12/04/2024,-10.0,16.21,a,MYKI
346,1713139200,a,b,COLES 0536 CLAYTON AU,-6.91,26.21,a,COLES
347,1713139200,a,b,Fast Transfer From MR AKSHAY SHANKAR ELA to PayID Phone Split balance,6.52,33.12,a,other
348,1713052800,a,b,COLES 0536 CLAYTON AU,-35.83,26.6,a,COLES
349,1713052800,a,b,Transfer from xx0274 CommBank app Bill,50.0,62.43,a,D
350,1712966400,a,b,MYKI CLAYTON RS CLA CLAYTON VICAU,-50.0,12.43,a,MYKI
351,1712966400,a,b,Transfer from xx0274 CommBank app Bill,50.0,62.43,a,D
352,1712880000,a,b,UBER* TRIP Value Date: 13/04/2024,-16.86,12.43,a,UBER
353,1712880000,a,b,CLAYTON SUPA WASH COIN Clayton SoVICAU,-3.2,29.29,a,other
354,1712880000,a,b,CLAYTON SUPA WASH COIN Clayton SoVICAU,-3.2,32.49,a,other
355,1712793600,a,b,COLES 0536 CLAYTON AU,-31.66,35.69,a,COLES
356,1712793600,a,b,Transfer from xx0274 CommBank app Bill,50.0,67.35,a,D
357,1712707200,a,b,COLES 0581 CLAYTON AU,-6.5,17.35,a,COLES
358,1712707200,a,b,EB *Feel Good Flows Su 801-413-7200 VI AUS Card xx7189 Value Date: 06/04/2024,-10.22,23.85,a,other
359,1712620800,a,b,VICROADS PAKENHAMEAST PAKENHAM VICAU,-89.38,34.07,a,other
360,1712620800,a,b,Transfer from xx0274 CommBank app Bill,100.0,123.45,a,D
361,1712620800,a,b,MYKI CLAYTON RS CLA CLAYTON VICAU,-20.0,23.45,a,MYKI
362,1712620800,a,b,Wdl ATM CBA ATM CLAYTON C VIC 312103 AUS,-250.0,43.45,a,other
363,1712620800,a,b,Transfer from xx0274 CommBank app Bill,250.0,293.45,a,D
364,1712620800,a,b,UBER *TRIP Sydney AU AUS Card xx7189 Value Date: 07/04/2024,-15.33,43.45,a,UBER
365,1712534400,a,b,Wdl ATM CBA ATM MULGRAVE WAV B VIC 324402 AUS,-50.0,58.78,a,other
366,1712534400,a,b,Transfer from xx0274 CommBank app,50.0,108.78,a,D
367,1712534400,a,b,Wdl ATM CBA ATM MULGRAVE WAV B VIC 324402 AUS,-400.0,58.78,a,other
368,1712534400,a,b,Transfer from xx0274 CommBank app Bill,410.0,458.78,a,D
369,1712448000,a,b,SQ *TWISTY POTATO ST KILDA WEST AU,-10.15,48.78,a,other
370,1712448000,a,b,SMP*Dapamelts Rosebud03 AU,-18.0,58.93,a,other
371,1712448000,a,b,Beachcomber Cafe ST KILDA AU,-37.46,76.93,a,other
372,1712448000,a,b,Wdl ATM CBA ATM CLAYTON A VIC 312101 AUS,-240.0,114.39,a,other
373,1712448000,a,b,Transfer from xx0274 CommBank app,300.0,354.39,a,D
374,1712361600,a,b,COLES 0581 CLAYTON AU,-38.92,54.39,a,COLES
375,1712361600,a,b,Wdl ATM CBA ATM CLAYTON D VIC 312104 AUS,-180.0,93.31,a,other
376,1712361600,a,b,Transfer from xx0274 CommBank app,200.0,273.31,a,D
377,1712361600,a,b,IPY*CLAYTONAQCHEALTH Clayton South VI AUS Card xx7189 Value Date: 04/04/2024,-31.1,73.31,a,other
378,1712275200,a,b,Cardless Cash for collection Bill,-120.0,104.41,a,other
379,1712275200,a,b,COLES 0581 CLAYTON AU,-13.51,224.41,a,COLES
380,1712275200,a,b,UBER *ONE Sydney AU AUS Card xx7189 Value Date: 03/04/2024,-9.99,237.92,a,UBER
381,1712188800,a,b,Transfer To sunil CommBank App Bill,-66.0,247.91,a,other
382,1712188800,a,b,COLES 0536 CLAYTON AU,-15.84,313.91,a,COLES
383,1712188800,a,b,AMAZON WEB SERVICES SYDNEY NS AUS Card xx7189 Value Date: 03/04/2024,-12.92,329.75,a,other
384,1712102400,a,b,COLES 0581 CLAYTON AU,-4.11,342.67,a,COLES
385,1712102400,a,b,CBA*PARALLELS 492212224545 DE DEU Card xx7189 AUD 69.00 Value Date: 29/03/2024,-69.0,346.78,a,other
386,1712016000,a,b,COLES 0536 CLAYTON AU,-25.25,415.78,a,COLES
387,1711929600,a,b,COLES 0536 CLAYTON AU,-33.52,441.03,a,COLES
388,1711756800,a,b,COLES 0536 CLAYTON AU,-27.35,474.55,a,COLES
389,1711756800,a,b,Transfer To Derick CommBank App Rent,-651.25,501.9,a,RENT
390,1711670400,a,b,Fast Transfer From BIJOI JOSE BIJOI Gift,1000.0,1153.15,a,other
391,1711670400,a,b,Transfer from xx0274 CommBank app Allowance,150.0,153.15,a,D
392,1711584000,a,b,ABCD DREAMZ PTY LTD CLAYTON AU,-11.78,3.15,a,other
393,1711584000,a,b,COLES 0581 CLAYTON AU,-13.33,14.93,a,COLES
394,1711584000,a,b,MORE TELECOM SOUTH MELBOUR AU AUS Card xx7189 Value Date: 26/03/2024,-32.4,28.26,a,other
395,1711497600,a,b,MYKI CLAYTON RS CLA CLAYTON VICAU,-50.0,60.66,a,MYKI
396,1711497600,a,b,COLES 0536 CLAYTON AU,-13.7,110.66,a,COLES
397,1711497600,a,b,Transfer from xx0274 CommBank app Bill,100.0,124.36,a,D
398,1711497600,a,b,DOT MYKI RELOAD MELBOURNE AUS Card xx7189 Value Date: 24/03/2024,-20.0,24.36,a,MYKI
399,1711411200,a,b,UBER* TRIP,-36.39,44.36,a,UBER
400,1711411200,a,b,RMIT UNIVERSITY MELBOURNE AUS Card xx7189 Value Date: 24/03/2024,-4416.0,80.75,a,other
401,1711324800,a,b,SQ *JOJOES PIZZA PASTA Bendigo AU,-106.46,4496.75,a,other
402,1711324800,a,b,Transfer from xx0274 CommBank app,100.0,4603.21,a,D
403,1711324800,a,b,The Zone Fun Park EAST BENDIGO AU,-56.0,4503.21,a,other
404,1711324800,a,b,Transfer from xx0274 CommBank app Bill,100.0,4559.21,a,D
405,1711324800,a,b,Noodle Box Bendigo Bendigo AU,-17.95,4459.21,a,other
406,1711324800,a,b,JB HI FI BENDIGO BENDIGO AU,-33.0,4477.16,a,other
407,1711324800,a,b,COLES 0536 CLAYTON AU,-20.1,4510.16,a,COLES
408,1711238400,a,b,Transfer from xx0274 CommBank app Bill,2500.0,4530.26,a,D
409,1711152000,a,b,Fast Transfer From MR AKSHAY SHANKAR ELA to PayID Phone CREDIT TO ACCOUNT,2000.0,2030.26,a,other
410,1711152000,a,b,Uniqlo Australia Pty Ltd Chadstone AU,-60.05,30.26,a,other
411,1711152000,a,b,Transfer from xx0274 CommBank app Allowance,100.0,90.31,a,D
412,1711152000,a,b,COLES 0536 CLAYTON AU,-23.83,-9.69,a,COLES
413,1711152000,a,b,CLAYTON AQUATIC & HEA CLAYTON VICAU,-65.7,14.14,a,GYM
414,1711152000,a,b,CLAYTON AQUATIC & HEA CLAYTON VICAU,-31.1,79.84,a,GYM
415,1711152000,a,b,Transfer from xx0274 CommBank app,100.0,110.94,a,D
416,1710979200,a,b,MYKI CLAYTON RS CLA CLAYTON VICAU,-20.0,10.94,a,MYKI
417,1710979200,a,b,COLES 0536 CLAYTON AU,-18.21,30.94,a,COLES
418,1710892800,a,b,Transfer To V RAMESH PayID Phone from CommBank App Bill,-12.0,49.15,a,other
419,1710892800,a,b,Fast Transfer From NISHANTH GANDHI to PayID Phone Pizza,8.12,61.15,a,other
420,1710892800,a,b,Fast Transfer From HEMANTH SOUNDARARAJAN to PayID Phone food,8.2,53.03,a,other
421,1710892800,a,b,Fast Transfer From ASHWIN JOTHI to PayID Phone pizza,16.5,44.83,a,other
422,1710892800,a,b,D.O.C Pizza & Mozzarel Southbank AU,-58.87,28.33,a,other
423,1710892800,a,b,Transfer from xx0274 CommBank app,100.0,87.2,a,D
424,1710892800,a,b,COLES 0536 CLAYTON AU,-24.22,-12.8,a,COLES
425,1710806400,a,b,GOOGLE*COLAB CC GOOGLE.COM SG SGP Card xx7189 AUD 15.13 Value Date: 16/03/2024,-15.13,11.42,a,other
426,1710806400,a,b,UBER *TRIP Sydney AU AUS Card xx7189 Value Date: 16/03/2024,-3.22,26.55,a,UBER
427,1710720000,a,b,MYKI CLAYTON RS CLA CLAYTON VICAU,-20.0,29.77,a,MYKI
428,1710720000,a,b,COLES 0581 CLAYTON AU,-16.02,49.77,a,COLES
429,1710633600,a,b,Alinta Energy CommBank app BPAY 168930 10292002886 elec bill,-128.68,65.79,a,other
430,1710547200,a,b,Transfer To Derick CommBank App Don_t go bankrupt,-10.0,194.47,a,other
431,1710547200,a,b,COLES 0536 CLAYTON AU,-15.35,204.47,a,COLES
432,1710460800,a,b,COLES 0536 CLAYTON AU,-12.0,219.82,a,COLES
433,1710460800,a,b,International Transaction Fee Value Date: 12/03/2024,-2.28,231.82,a,other
434,1710460800,a,b,LOGIKBOT DECATUR GA USA Card xx7189 USD 50.00 Value Date: 13/03/2024,-75.95,234.1,a,other
435,1710374400,a,b,COLES 0536 CLAYTON AU,-52.15,310.05,a,COLES
436,1710288000,a,b,Alinta Energy CommBank app BPAY 168930 10292002886,-129.47,362.2,a,other
437,1710201600,a,b,Transfer to xx0274 CommBank app Allowance,-2500.0,491.67,a,other
438,1710201600,a,b,Direct Credit 062895 COMMONWEALTH SEC COMMSEC,2399.47,2991.67,a,other
439,1710201600,a,b,COLES 0536 CLAYTON AU,-1.5,592.2,a,COLES
440,1710201600,a,b,DOT MYKI RELOAD MELBOURNE AUS Card xx7189 Value Date: 07/03/2024,-50.0,593.7,a,MYKI
441,1710201600,a,b,UBER *TRIP Sydney AU AUS Card xx7189 Value Date: 10/03/2024,-16.67,643.7,a,UBER
442,1710201600,a,b,UBER *TRIP Sydney AU AUS Card xx7189 Value Date: 10/03/2024,-14.74,660.37,a,UBER
443,1710201600,a,b,RMIT UNIVERSITY MELBOURNE AUS Card xx7189 Value Date: 11/03/2024,-8832.0,675.11,a,other
444,1710115200,a,b,Transfer from xx0274 CommBank app Bill,8832.0,9507.11,a,D
445,1710115200,a,b,COLES 0536 CLAYTON AU,-9.51,675.11,a,COLES
446,1710028800,a,b,Fast Transfer From DERICK NERIAMPARAMBIL to PayID Phone nmd,100.0,684.62,a,other
447,1710028800,a,b,COLES 0581 CLAYTON AU,-14.0,584.62,a,COLES
448,1709942400,a,b,SQ *AMIGOS BARBER SHOP Clayton AU,-37.0,598.62,a,BARBER
449,1709942400,a,b,Transfer to xx0274 CommBank app,-6500.0,635.62,a,other
450,1709942400,a,b,COLES 0536 CLAYTON AU,-19.9,7135.62,a,COLES
451,1709942400,a,b,IPY*CLAYTONAQCHEALTH Clayton South VI AUS Card xx7189 Value Date: 07/03/2024,-31.1,7155.52,a,other
452,1709856000,a,b,Guzman y Gomez Swanst Melbourne AU,-13.7,7186.62,a,other
453,1709856000,a,b,POST CLAYTON POST SHOP VI AU,-1.45,7200.32,a,other
454,1709856000,a,b,DEPOSIT CASH $7100.00 CHEQUE $0.00 Branch CLAYTON,7100.0,7201.77,a,other
455,1709856000,a,b,COLES 0536 CLAYTON AU,-6.2,101.77,a,COLES
456,1709769600,a,b,COLES 0536 CLAYTON AU,-15.8,107.97,a,COLES
457,1709683200,a,b,COLES 0581 CLAYTON AU,-24.37,123.77,a,COLES
458,1709683200,a,b,XIA YING CHAO PTY LTD CARLTON VIC AU,-15.3,148.14,a,other
459,1709683200,a,b,COLES 0536 CLAYTON AU,-16.4,163.44,a,COLES
460,1709683200,a,b,UBER *TRIP Sydney AU AUS Card xx7189 Value Date: 04/03/2024,-15.43,179.84,a,UBER
461,1709596800,a,b,COLES 0536 CLAYTON AU,-1.7,195.27,a,COLES
462,1709596800,a,b,TGI FRIDAYS CHADSTONE VI AUS Card xx7189 Value Date: 03/03/2024,-48.61,196.97,a,other
463,1709596800,a,b,AMAZON WEB SERVICES SYDNEY NS AUS Card xx7189 Value Date: 03/03/2024,-11.78,245.58,a,other
464,1709596800,a,b,UBER *TRIP Sydney AU AUS Card xx7189 Value Date: 03/03/2024,-9.38,257.36,a,UBER
465,1709596800,a,b,UBER *TRIP Sydney AU AUS Card xx7189 Value Date: 02/03/2024,-11.89,266.74,a,UBER
466,1709596800,a,b,UBER *ONE Sydney AU AUS Card xx7189 Value Date: 03/03/2024,-9.99,278.63,a,UBER
467,1709510400,a,b,HOYTS CORP PTY LTD CHADSTONE VICAU,-119.25,288.62,a,other
468,1709424000,a,b,SMP*Jetgo Group PTY LT Clayton03 AU,-17.69,407.87,a,other
469,1709424000,a,b,LS MINIMARU Clayton AU,-30.05,425.56,a,other
470,1709337600,a,b,COLES 0581 CLAYTON AU,-14.6,455.61,a,COLES
471,1709337600,a,b,COLES 0536 CLAYTON AU,-14.8,470.21,a,COLES
472,1709251200,a,b,COLES 0536 CLAYTON AU,-1.7,485.01,a,COLES
473,1709164800,a,b,COLES 0581 CLAYTON AU,-10.1,486.71,a,COLES
474,1709164800,a,b,VIC ROADS IVR KEW EAST VI AUS Card xx7189 Value Date: 27/02/2024,-69.77,496.81,a,other
475,1709164800,a,b,RMIT UNIVERSITY MELBOURNE AUS Card xx7189 Value Date: 28/02/2024,-4591.68,566.58,a,other
476,1709078400,a,b,Transfer To - RAICHEL JOSE PayID Phone from CommBank App Don_t go bankrupt,-73.41,5158.26,a,other
477,1709078400,a,b,Transfer from xx0274 CommBank app Bill,5000.0,5231.67,a,D
478,1709078400,a,b,COLES 0536 CLAYTON AU,-1.7,231.67,a,COLES
479,1709078400,a,b,Transfer To Derick CommBank App Rent,-456.2,233.37,a,RENT
480,1709078400,a,b,UBER *TRIP Sydney AU AUS Card xx7189 Value Date: 26/02/2024,-8.14,689.57,a,UBER
481,1708992000,a,b,MYKI CLAYTON RS CLA CLAYTON VICAU,-50.0,697.71,a,MYKI
482,1708992000,a,b,Transfer from xx0274 CommBank app Invest,700.0,747.71,a,D
483,1708992000,a,b,COLES 0536 CLAYTON AU,-22.41,47.71,a,COLES
484,1708905600,a,b,COLES 0536 CLAYTON AU,-6.7,70.12,a,COLES
485,1708819200,a,b,Transfer To V SUNNY PayID Phone from CommBank App Food,-12.2,76.82,a,other
486,1708819200,a,b,Transfer To PRINCE THERATTIL CHARLES PayID Phone from CommBank App Alcohol,-16.6,89.02,a,other
487,1708819200,a,b,Transfer from xx0274 CommBank app Food,100.0,105.62,a,D
488,1708732800,a,b,COLES 0581 CLAYTON AU,-13.8,5.62,a,COLES
489,1708732800,a,b,COLES 0536 CLAYTON AU,-1.5,19.42,a,COLES
490,1708732800,a,b,IPY*CLAYTONAQCHEALTH Clayton South VI AUS Card xx7189 Value Date: 22/02/2024,-74.9,20.92,a,other
491,1708646400,a,b,Transfer To Jin CommBank App Don_t go bankrupt,-20.0,95.82,a,other
492,1708646400,a,b,COLES 0536 CLAYTON AU,-1.5,115.82,a,COLES
493,1708560000,a,b,COLES 0581 CLAYTON AU,-40.88,117.32,a,COLES
494,1708560000,a,b,COLES 0536 CLAYTON AU,-1.5,158.2,a,COLES
495,1708473600,a,b,COLES 0581 CLAYTON AU,-1.5,159.7,a,COLES
496,1708473600,a,b,KENANGAN MELBOURNE VI AUS Card xx7189 Value Date: 19/02/2024,-16.5,161.2,a,other
497,1708387200,a,b,POST CLAYTON POST SHOP VI AU,-1.45,177.7,a,other
498,1708387200,a,b,COLES 0536 CLAYTON AU,-1.7,179.15,a,COLES
499,1708387200,a,b,GOOGLE*COLAB CC GOOGLE.COM SG SGP Card xx7189 AUD 15.13 Value Date: 16/02/2024,-15.13,180.85,a,other
500,1708387200,a,b,COLES 0581 CLAYTON AU AUS Card xx7189 Value Date: 16/02/2024,-6.0,195.98,a,COLES
501,1708387200,a,b,SARAWAN SPICES AND H CLAYTON VI AUS Card xx7189 Value Date: 15/02/2024,-12.39,201.98,a,other
502,1708387200,a,b,COLES 0581 CLAYTON AU AUS Card xx7189 Value Date: 15/02/2024,-15.02,214.37,a,COLES
503,1708300800,a,b,Transfer from xx0274 CommBank app Allowance,150.0,229.39,a,D
504,1708300800,a,b,MYKI CLAYTON RS CLA CLAYTON VICAU,-20.0,79.39,a,MYKI
505,1708300800,a,b,SMP*Jetgo Group PTY LT Clayton03 AU,-12.3,99.39,a,other
506,1708300800,a,b,COLES 0536 CLAYTON AU,-6.7,111.69,a,COLES
507,1708300800,a,b,Transfer To - RAICHEL JOSE PayID Phone from CommBank App Allowance,-30.0,118.39,a,other
508,1708214400,a,b,COLES 0581 CLAYTON AU,-59.91,148.39,a,COLES
509,1708128000,a,b,CocaColaEPP Caulfield AUS Card xx7189 Value Date: 15/02/2024,-3.8,208.3,a,other
510,1708128000,a,b,ALDI STORES - CHADSTON CHADSTONE AUS Card xx7189 Value Date: 14/02/2024,-14.05,212.1,a,other
511,1708041600,a,b,Transfer to xx0274 CommBank app Bill,-5300.0,226.15,a,other
512,1708041600,a,b,DEPOSIT CASH $5300.00 CHEQUE $0.00 Branch CLAYTON,5300.0,5526.15,a,other
513,1708041600,a,b,LS Cavallaro Family Tr Bendigo AU AUS Card xx7189 Value Date: 14/02/2024,-55.61,226.15,a,other
514,1708041600,a,b,COLES 0643 CHADSTONE AU AUS Card xx7189 Value Date: 14/02/2024,-7.0,281.76,a,COLES
515,1708041600,a,b,KMART 1147 CHADSTONE AU AUS Card xx7189 Value Date: 14/02/2024,-4.5,288.76,a,other
516,1708041600,a,b,KMART 1147 CHADSTONE AU AUS Card xx7189 Value Date: 14/02/2024,-20.15,293.26,a,other
517,1708041600,a,b,UBER *TRIP Sydney AU AUS Card xx7189 Value Date: 14/02/2024,-41.93,313.41,a,UBER
518,1708041600,a,b,EAST OCEAN ENTERPRISES MELBOURNE AUS Card xx7189 Value Date: 14/02/2024,-7.8,355.34,a,other
519,1707955200,a,b,KFC*Dandenong Mark kfc.com.au VI AUS Card xx7189 Value Date: 13/02/2024,-1.2,363.14,a,other
520,1707955200,a,b,KFC*Dandenong Mark kfc.com.au VI AUS Card xx7189 Value Date: 13/02/2024,-24.95,364.34,a,other
521,1707955200,a,b,COLES 0536 CLAYTON AU AUS Card xx7189 Value Date: 13/02/2024,-37.56,389.29,a,COLES
522,1707868800,a,b,Direct Debit 062934 COMMSEC SECURITI COMMSEC,-961.25,426.85,a,other
523,1707868800,a,b,MYKI CLAYTON RS CLA CLAYTON AUS Card xx7189 Value Date: 09/02/2024,-50.0,1388.1,a,MYKI
524,1707782400,a,b,UBER *TRIP Sydney AU AUS Card xx7189 Value Date: 09/02/2024,-15.01,1438.1,a,UBER
525,1707523200,a,b,Transfer from xx0274 CommBank app Invest,1200.0,1453.11,a,D
526,1707523200,a,b,International Transaction Fee Value Date: 07/02/2024,-0.51,253.11,a,other
527,1707523200,a,b,SATS ASIA-PACIFIC STAR SINGAPORE SG SGP Card xx7189 SGD 15.00 Value Date: 08/02/2024,-17.14,253.62,a,other
528,1707523200,a,b,BP EXP THE TULLA 1684 MELBOURNE AIR VI AUS Card xx7189 Value Date: 07/02/2024,-23.88,270.76,a,other
529,1707523200,a,b,IPY*CLAYTONAQCHEALTH Clayton South VI AUS Card xx7189 Value Date: 08/02/2024,-66.02,294.64,a,other
530,1707523200,a,b,COLES 0581 CLAYTON AU AUS Card xx7189 Value Date: 08/02/2024,-1.5,360.66,a,COLES
531,1707523200,a,b,COLES 0581 CLAYTON AU AUS Card xx7189 Value Date: 08/02/2024,-52.38,362.16,a,COLES
532,1707523200,a,b,International Transaction Fee Value Date: 07/02/2024,-0.5,414.54,a,other
533,1707523200,a,b,MANGO TREE CAFE AT T1 SINGAPORE SG SGP Card xx7189 SGD 14.40 Value Date: 07/02/2024,-16.51,415.04,a,other
534,1707436800,a,b,COLES 0581 CLAYTON AU,-4.6,431.55,a,COLES
535,1707436800,a,b,International Transaction Fee Value Date: 06/02/2024,-0.33,436.15,a,other
536,1707436800,a,b,CURRENT BOOKS INDIA P KOTTAYAM IND Card xx7189 INR 599.00 Value Date: 07/02/2024,-11.15,436.48,a,RENT
537,1707436800,a,b,International Transaction Fee Value Date: 07/02/2024,-1.64,447.63,a,other
538,1707436800,a,b,BENGAWAN SOLO @ CHANGI SINGAPORE SG SGP Card xx7189 SGD 47.52 Value Date: 07/02/2024,-54.5,449.27,a,other
539,1707350400,a,b,International Transaction Fee Value Date: 06/02/2024,-1.65,503.77,a,other
540,1707350400,a,b,KRISHNA THEERAM THIRUVANANTHA IN IND Card xx7189 INR 2960.00 Value Date: 07/02/2024,-55.12,505.42,a,other
541,1707177600,a,b,UBER *ONE Sydney AU AUS Card xx7189 Value Date: 03/02/2024,-9.99,560.54,a,UBER
542,1707177600,a,b,AMAZON WEB SERVICES SYDNEY NS AUS Card xx7189 Value Date: 03/02/2024,-6.63,570.53,a,other
543,1706745600,a,b,Debit Excess Interest,-0.01,577.16,a,other
544,1706572800,a,b,IPY*CLAYTONAQCHEALTH Clayton South VI AUS Card xx7189 Value Date: 25/01/2024,-21.9,577.17,a,other
545,1706400000,a,b,Transfer To Derick CommBank App Rent,-456.2,599.07,a,RENT
546,1706140800,a,b,Transfer from xx0274 CommBank app Invest,1000.0,1055.27,a,D
547,1706054400,a,b,Overdraw Fee For exceeding available funds on 23 Jan,-15.0,55.27,a,COMM
548,1706054400,a,b,BP PLANTATION 3275 OAKLEIGH VI AUS Card xx7189 Value Date: 19/01/2024,-29.08,70.27,a,other
549,1706054400,a,b,Transfer from xx0274 CommBank app Invest,100.0,99.35,a,D
550,1705968000,a,b,Direct Debit 062934 COMMSEC SECURITI COMMSEC,-980.43,-0.65,a,other
551,1705968000,a,b,ZLR*BAXA Tullamarine AU AUS Card xx7189 Value Date: 19/01/2024,-25.35,979.78,a,other
552,1705968000,a,b,LOTTE TRAVEL RETAIL MELBOURNE AIR VI AUS Card xx7189 Value Date: 19/01/2024,-59.99,1005.13,a,other
553,1705968000,a,b,International Transaction Fee Value Date: 20/01/2024,-0.2,1065.12,a,other
554,1705968000,a,b,SCOOT TIGE72614014-000 SINGAPORE SG SGP Card xx7189 SGD 6.00 Value Date: 20/01/2024,-6.81,1065.32,a,other
555,1705968000,a,b,International Transaction Fee Value Date: 20/01/2024,-0.2,1072.13,a,other
556,1705968000,a,b,SCOOT TIGE72614014-000 SINGAPORE SG SGP Card xx7189 SGD 6.00 Value Date: 20/01/2024,-6.81,1072.33,a,other
557,1705708800,a,b,COLES 0536 CLAYTON AU AUS Card xx7189 Value Date: 18/01/2024,-8.06,1079.14,a,COLES
558,1705536000,a,b,Transfer from xx0274 CommBank app Investment fund,1000.0,1087.2,a,D
559,1705536000,a,b,Direct Credit 396297 IOZ PAYMENT JAN24/00892637,1.27,87.2,a,other
560,1705536000,a,b,CHEMIST WAREHOUSE CLAYTON VI AUS Card xx7189 Value Date: 16/01/2024,-26.98,85.93,a,other
561,1705536000,a,b,COLES 0536 CLAYTON AU AUS Card xx7189 Value Date: 16/01/2024,-26.0,112.91,a,COLES
562,1705449600,a,b,Direct Credit 513275 NDQ DST 001310669545,0.15,138.91,a,other
563,1705449600,a,b,Fast Transfer From Neriamparambil D to PayID Phone 100 soon,50.0,138.76,a,other
564,1705363200,a,b,Foot Locker Chadstone CHADSTONE AU AUS Card xx7189 Value Date: 13/01/2024,-220.0,88.76,a,other
565,1705104000,a,b,Cardless Cash for collection Bill,-300.0,308.76,a,other
566,1705104000,a,b,Transfer from xx0274 CommBank app Allowance,200.0,608.76,a,D
567,1705104000,a,b,Transfer from xx0274 CommBank app Allowance,200.0,408.76,a,D
568,1705104000,a,b,Transfer from xx0274 CommBank app Allowance,200.0,208.76,a,D
569,1705104000,a,b,FRESH FRUIT MART CLAYTON VI AUS Card xx7189 Value Date: 11/01/2024,-11.96,8.76,a,other
570,1705104000,a,b,IPY*CLAYTONAQCHEALTH Clayton South VI AUS Card xx7189 Value Date: 11/01/2024,-31.1,20.72,a,other
571,1705104000,a,b,COLES 0581 CLAYTON AU AUS Card xx7189 Value Date: 11/01/2024,-26.53,51.82,a,COLES
572,1705104000,a,b,UBER *TRIP Sydney AU AUS Card xx7189 Value Date: 11/01/2024,-16.1,78.35,a,UBER
573,1705104000,a,b,DOT MYKI RELOAD MELBOURNE AUS Card xx7189 Value Date: 10/01/2024,-50.0,94.45,a,MYKI
574,1705017600,a,b,COLES 0536 CLAYTON AU AUS Card xx7189 Value Date: 10/01/2024,-26.97,144.45,a,COLES
575,1704844800,a,b,ICAFFE SUNSHINE AU AUS Card xx7189 Value Date: 08/01/2024,-12.0,171.42,a,other
576,1704844800,a,b,KFC*Leongatha kfc.com.au VI AUS Card xx7189 Value Date: 06/01/2024,-15.9,183.42,a,other
577,1704844800,a,b,BP LEONGATHA 6984 LEONGATHA VI AUS Card xx7189 Value Date: 06/01/2024,-7.0,199.32,a,other
578,1704844800,a,b,International Transaction Fee Value Date: 08/01/2024,-0.25,206.32,a,other
579,1704844800,a,b,HEROKU* DEC-90250241 SAN FRANCISCO CA USA Card xx7189 USD 5.63 Value Date: 09/01/2024,-8.48,206.57,a,other
580,1704758400,a,b,Fast Transfer From - RAICHEL JOSE to PayID Phone Splitwise,77.86,215.05,a,other
581,1704758400,a,b,HONG KONG ASIAN FOOD CLAYTON VI AUS Card xx7189 Value Date: 05/01/2024,-13.64,137.19,a,other
582,1704758400,a,b,AMAZON WEB SERVICES SYDNEY NS AUS Card xx7189 Value Date: 07/01/2024,-26.41,150.83,a,other
583,1704412800,a,b,CLAYTON CELLARS CLAYTON AUS Card xx7189 Value Date: 02/01/2024,-20.0,177.24,a,other
584,1704412800,a,b,Tickets*Stone Cha BELROSE AU AUS Card xx7189 Value Date: 03/01/2024,-11.53,197.24,a,other
585,1704412800,a,b,UBER *ONE Sydney AU AUS Card xx7189 Value Date: 03/01/2024,-9.99,208.77,a,UBER
586,1704412800,a,b,MYKI CLAYTON RS CLA CLAYTON AUS Card xx7189 Value Date: 02/01/2024,-50.0,218.76,a,MYKI
587,1704326400,a,b,LS MINIMARU CLAYTON VI AUS Card xx7189 Value Date: 02/01/2024,-42.5,268.76,a,other
588,1704326400,a,b,COLES 0536 CLAYTON AU AUS Card xx7189 Value Date: 02/01/2024,-7.9,311.26,a,COLES
589,1704326400,a,b,SALVOS NIDDRIE ESSENDON NORT VI AUS Card xx7189 Value Date: 02/01/2024,-2.0,319.16,a,other
590,1704326400,a,b,CLAYTON AQUATIC & HEA CLAYTON AUS Card xx7189 Value Date: 01/01/2024,-31.1,321.16,a,GYM
591,1704326400,a,b,DYLAN BARBER SHOP PTY ESSENDON AUS Card xx7189 Value Date: 02/01/2024,-55.61,352.26,a,BARBER
592,1704240000,a,b,Transfer from xx0274 CommBank app Allowance,200.0,407.87,a,D
593,1704240000,a,b,UBER *TRIP Sydney AU AUS Card xx7189 Value Date: 30/12/2023,-16.69,207.87,a,UBER
594,1704153600,a,b,Transfer from xx0274 CommBank app Allowance,100.0,224.56,a,D
595,1703894400,a,b,DYMOCKS CHADSTONE QPS CHADSTONE AUS Card xx7189 Value Date: 28/12/2023,-13.0,124.56,a,other
596,1703808000,a,b,Transfer from xx0274 CommBank app Allowance,100.0,137.56,a,D
597,1703808000,a,b,COSTCO WHOLESALE AUSTR MOORABBIN AIR AUS Card xx7189 Value Date: 27/12/2023,-194.21,37.56,a,COSTCO
598,1703721600,a,b,Transfer To Jin CommBank App Food,-60.0,231.77,a,other
599,1703721600,a,b,Transfer To Derick CommBank App Rent,-456.2,291.77,a,RENT
600,1703721600,a,b,Transfer from xx0274 CommBank app Rent,500.0,747.97,a,RENT
202409302048485280521,1727704800,Debit Excess Int Adjusted Value Date: 01/09/2024,,Debit Excess Int Adjusted Value Date: 01/09/2024,0.01,14.67,ZAAC252975413,other
202409300945198127731,1727618400,COLES 0536 CLAYTON AU,,COLES 0536 CLAYTON AU,-39.93,14.66,H131799010751,COLES
202409300945089956061,1727618400,Transfer from xx0274 CommBank app,,Transfer from xx0274 CommBank app,50.0,54.59,N293040883026,D
202409290739207783701,1727532000,CLAYTON CELLARS CLAYTON VICAU,,CLAYTON CELLARS CLAYTON VICAU,-49.98,4.59,H131794587857,other
202409290738417944451,1727532000,Transfer from xx0274 CommBank app,,Transfer from xx0274 CommBank app,50.0,54.57,N292945633900,D
202409290420476916621,1727532000,COLES 0536 CLAYTON AU,,COLES 0536 CLAYTON AU,-40.2,4.57,H131793611848,COLES
202409290420374348391,1727532000,Transfer from xx0274 CommBank app,,Transfer from xx0274 CommBank app,40.0,44.77,N292944715871,D
202409272235038064501,1727445600,Transfer To Derick CommBank App Rent,,Transfer To Derick CommBank App Rent,-491.0,4.77,N292849543417,RENT
202409272234321160571,1727445600,Transfer from xx0274 CommBank app Rent,,Transfer from xx0274 CommBank app Rent,491.0,495.77,N292849056469,RENT
202409271908590784021,1727445600,UBER *ONE Sydney AU AUS Card xx7189 Value Date: 26/09/2024,,UBER *ONE Sydney AU AUS Card xx7189 Value Date: 26/09/2024,-9.99,4.77,H238079487453,UBER
202409261138531577021,1727272800,UBER *TRIP HELP.UBER.COM,,UBER *TRIP HELP.UBER.COM,-16.84,14.76,H131781411042,UBER
202409261138207603001,1727272800,Transfer from xx0274 CommBank app,,Transfer from xx0274 CommBank app,20.0,31.6,N292642088432,D
202409260440107792161,1727272800,Refund Purchase UBER* TRIP,,Refund Purchase UBER* TRIP,9.09,11.6,H131779367242,UBER
202409260432170801541,1727272800,UBER* TRIP,,UBER* TRIP,-15.34,2.51,H131779314883,UBER
202409260430487927421,1727272800,Transfer from xx0274 CommBank app,,Transfer from xx0274 CommBank app,10.0,17.85,N292649663701,D
202409260321049884911,1727272800,COLES 0581 CLAYTON AU,,COLES 0581 CLAYTON AU,-14.55,7.85,H131778846995,COLES
202409260320464487381,1727272800,Transfer from xx0274 CommBank app,,Transfer from xx0274 CommBank app,20.0,22.4,N292648941253,D
202409250304433506221,1727186400,MYKI MELBCTRL RS MCE MELBOURNE VICAU,,MYKI MELBCTRL RS MCE MELBOURNE VICAU,-40.0,2.4,H131774172511,MYKI
202409250303357645281,1727186400,COLES 0602 MELBOURNE AU,,COLES 0602 MELBOURNE AU,-18.4,42.4,H131774167177,COLES
202409242339285422301,1727186400,Transfer from xx0274 CommBank app,,Transfer from xx0274 CommBank app,50.0,60.8,N292541446264,D
202409241245119931011,1727100000,Refund Purchase UBER* TRIP,,Refund Purchase UBER* TRIP,1.1,10.8,H131772225325,UBER
202409241221303960081,1727100000,UBER* TRIP,,UBER* TRIP,-16.16,9.7,H131772203400,UBER
202409241221065920241,1727100000,Transfer from xx0274 CommBank app,,Transfer from xx0274 CommBank app,10.0,25.86,N292449388330,D
202409230834355391241,1727013600,COLES 0581 CLAYTON AU,,COLES 0581 CLAYTON AU,-11.11,15.86,H131767583348,COLES
202409230834223224421,1727013600,Transfer from xx0274 CommBank app,,Transfer from xx0274 CommBank app,20.0,26.97,N292343237531,D
202409222309394084991,1727013600,COLES 0581 CLAYTON AU,,COLES 0581 CLAYTON AU,-17.2,6.97,H131764702989,COLES
202409222210069865951,1727013600,Refund Purchase UBER* TRIP,,Refund Purchase UBER* TRIP,15.16,24.17,H131764537999,UBER
202409222204582001061,1727013600,UBER* TRIP,,UBER* TRIP,-18.37,9.01,H131764528452,UBER
202409222204434843981,1727013600,Transfer from xx0274 CommBank app,,Transfer from xx0274 CommBank app,20.0,27.38,N292340614541,D
202409210739396713261,1726840800,Alinta Energy CommBank app BPAY 168930 10292002886 electricity bill,,Alinta Energy CommBank app BPAY 168930 10292002886 electricity bill,-250.5,7.38,N292144571134,other
202409210738147903201,1726840800,Transfer from xx0274 CommBank app,,Transfer from xx0274 CommBank app,251.0,257.88,N292144399808,D
202409210024197307071,1726840800,COLES 0581 CLAYTON AU,,COLES 0581 CLAYTON AU,-3.54,6.88,H131756146246,COLES
202409202302271066791,1726840800,CLAYTON AQUATIC & HEA CLAYTON VICAU,,CLAYTON AQUATIC & HEA CLAYTON VICAU,-32.3,10.42,H131755728161,GYM
202409202302202265041,1726840800,Transfer from xx0274 CommBank app,,Transfer from xx0274 CommBank app,40.0,42.72,N292142504963,D
202409201928578709971,1726840800,COLES 0536COLES 0536 CLAYTON AU AUS Card xx7189 Value Date: 19/09/2024,,COLES 0536COLES 0536 CLAYTON AU AUS Card xx7189 Value Date: 19/09/2024,-35.88,2.72,H238022288054,COLES
202409191121278324991,1726668000,Transfer from xx0274 CommBank app,,Transfer from xx0274 CommBank app,20.0,38.6,N291944920428,D
202409191100414518641,1726668000,STRIKE AUSTRALIA PTY GLEN WAVERLE AU,,STRIKE AUSTRALIA PTY GLEN WAVERLE AU,-8.25,18.6,H131749845025,STRIKE
202409191100311816971,1726668000,Transfer from xx0274 CommBank app,,Transfer from xx0274 CommBank app,20.0,26.85,N291944862751,D
202409190442350898911,1726668000,Transfer to xx4211 CommBank app Invest,,Transfer to xx4211 CommBank app Invest,-140.0,6.85,N291942856296,INVEST
202409190442150519791,1726668000,Transfer from xx0274 CommBank app,,Transfer from xx0274 CommBank app,140.0,146.85,N291942845280,D
